{"best_model": "GradientBoostingClassifier", "cv_params": {"max_depth": 10, "min_samples_leaf": 10, "n_estimators": 200}, "cv_roc_auc": 0.9737202530374537, "test_metrics": {"accuracy": 0.9379166666666666, "f1": 0.9009966777408638, "roc_auc": 0.9724398202224368}, "timestamp": "2026-01-18T23:36:45.113823", "dataset_info": {"n_samples": 12000, "n_features": 28, "target_balance": 0.3234166666666667, "train_size": 9600, "test_size": 2400, "train_ratio": 0.8, "test_ratio": 0.2}}