{"baseline_dummy":{"accuracy":0.6766666667,"f1":0.0,"roc-auc":0.5},"baseline_logreg":{"accuracy":0.8275,"f1":0.7076271186,"roc-auc":0.8746905312},"decision_tree":{"accuracy":0.8683333333,"f1":0.7879194631,"roc-auc":0.906695159},"random_forest":{"accuracy":0.9108333333,"f1":0.8503496503,"roc-auc":0.9599452161},"gradient_boosting":{"accuracy":0.9379166667,"f1":0.9009966777,"roc-auc":0.9724398202}}